chosen_worker_id,client_addr,lb_decision_latency_ms,overall_rtt_ms,payload_recv_brief,proxy_to_worker_rtt_ms,request_id,status,timestamp,worker_processing_time_ms,worker_response_payload_brief
worker-0,"('127.0.0.1', 62291)",0.011833006283268332,47.65612500341376,"{'data': 'Benchmark hello from client 0, req 0', 'request_id': 'client0-req0-96dafa61'}",46.02520899788942,client0-req0-96dafa61,SUCCESS,1747410861.1625652,44.44675000559073,"{'data': 'Response from worker-0 to request client0-req0-96dafa61', 'original_request_id': 'client0-"
worker-0,"('127.0.0.1', 62292)",0.005416004569269717,114.418791999924,"{'data': 'Benchmark hello from client 1, req 0', 'request_id': 'client1-req0-9b644cd3'}",112.74337500071852,client1-req0-9b644cd3,SUCCESS,1747410861.1627321,66.81408299482428,"{'data': 'Response from worker-0 to request client1-req0-9b644cd3', 'original_request_id': 'client1-"
worker-0,"('127.0.0.1', 62293)",0.004249995981808752,195.03999999869848,"{'data': 'Benchmark hello from client 2, req 0', 'request_id': 'client2-req0-cacf7251'}",193.29975000437116,client2-req0-cacf7251,SUCCESS,1747410861.162857,80.63749999564607,"{'data': 'Response from worker-0 to request client2-req0-cacf7251', 'original_request_id': 'client2-"
worker-0,"('127.0.0.1', 62294)",0.0038750004023313522,308.2433749950724,"{'data': 'Benchmark hello from client 3, req 0', 'request_id': 'client3-req0-2ba4c7de'}",306.43524999322835,client3-req0-2ba4c7de,SUCCESS,1747410861.1629708,113.03866700473009,"{'data': 'Response from worker-0 to request client3-req0-2ba4c7de', 'original_request_id': 'client3-"
worker-0,"('127.0.0.1', 62295)",0.0041669991333037615,444.623582996428,"{'data': 'Benchmark hello from client 4, req 0', 'request_id': 'client4-req0-62b52ec7'}",442.574708002212,client4-req0-62b52ec7,SUCCESS,1747410861.1630778,135.12366700160783,"{'data': 'Response from worker-0 to request client4-req0-62b52ec7', 'original_request_id': 'client4-"
worker-0,"('127.0.0.1', 62296)",0.0037080026231706142,542.4576249934034,"{'data': 'Benchmark hello from client 5, req 0', 'request_id': 'client5-req0-a816b768'}",540.5018340024981,client5-req0-a816b768,SUCCESS,1747410861.163187,98.12425000563962,"{'data': 'Response from worker-0 to request client5-req0-a816b768', 'original_request_id': 'client5-"
worker-0,"('127.0.0.1', 62297)",0.003749999450519681,677.8601249970961,"{'data': 'Benchmark hello from client 6, req 0', 'request_id': 'client6-req0-89eaeb1b'}",675.7961250041262,client6-req0-89eaeb1b,SUCCESS,1747410861.163289,134.85104200663045,"{'data': 'Response from worker-0 to request client6-req0-89eaeb1b', 'original_request_id': 'client6-"
worker-1,"('127.0.0.1', 62296)",0.03266699786763638,192.18541699956404,"{'data': 'Benchmark hello from client 5, req 1', 'request_id': 'client5-req1-7f708942'}",139.54912500048522,client5-req1-7f708942,SUCCESS,1747410861.755472,138.6121670002467,"{'data': 'Response from worker-1 to request client5-req1-7f708942', 'original_request_id': 'client5-"
worker-0,"('127.0.0.1', 62298)",0.003415996616240591,761.8571249986417,"{'data': 'Benchmark hello from client 7, req 0', 'request_id': 'client7-req0-4a3fc0b0'}",759.841500002949,client7-req0-4a3fc0b0,SUCCESS,1747410861.163384,84.24362499499694,"{'data': 'Response from worker-0 to request client7-req0-4a3fc0b0', 'original_request_id': 'client7-"
worker-0,"('127.0.0.1', 62299)",0.0034580007195472717,809.4243750019814,"{'data': 'Benchmark hello from client 8, req 0', 'request_id': 'client8-req0-45177f53'}",807.3647920027724,client8-req0-45177f53,SUCCESS,1747410861.163483,47.432374994968995,"{'data': 'Response from worker-0 to request client8-req0-45177f53', 'original_request_id': 'client8-"
worker-2,"('127.0.0.1', 62297)",0.014999997802078724,151.59462500014342,"{'data': 'Benchmark hello from client 6, req 1', 'request_id': 'client6-req1-37639693'}",99.47079099947587,client6-req1-37639693,SUCCESS,1747410861.890483,99.0438329972676,"{'data': 'Response from worker-2 to request client6-req1-37639693', 'original_request_id': 'client6-"
worker-1,"('127.0.0.1', 62299)",0.013209006283432245,107.18108400033088,"{'data': 'Benchmark hello from client 8, req 1', 'request_id': 'client8-req1-4219dc7b'}",55.49270800111117,client8-req1-4219dc7b,SUCCESS,1747410862.021635,54.882958000234794,"{'data': 'Response from worker-1 to request client8-req1-4219dc7b', 'original_request_id': 'client8-"
worker-0,"('127.0.0.1', 62300)",0.003917004505638033,969.9895000012475,"{'data': 'Benchmark hello from client 9, req 0', 'request_id': 'client9-req0-275f4c86'}",967.7894999986165,client9-req0-275f4c86,SUCCESS,1747410861.163606,159.5088329995633,"{'data': 'Response from worker-0 to request client9-req0-275f4c86', 'original_request_id': 'client9-"
worker-2,"('127.0.0.1', 62296)",0.010875002772081643,237.7372920018388,"{'data': 'Benchmark hello from client 5, req 2', 'request_id': 'client5-req2-24bbeb5c'}",186.0136670002248,client5-req2-24bbeb5c,SUCCESS,1747410861.946713,142.40683300158707,"{'data': 'Response from worker-2 to request client5-req2-24bbeb5c', 'original_request_id': 'client5-"
worker-2,"('127.0.0.1', 62298)",0.011249998351559043,313.66425000305753,"{'data': 'Benchmark hello from client 7, req 1', 'request_id': 'client7-req1-c3a04913'}",262.4766250009998,client7-req1-c3a04913,SUCCESS,1747410861.9732962,102.33874999539694,"{'data': 'Response from worker-2 to request client7-req1-c3a04913', 'original_request_id': 'client7-"
worker-1,"('127.0.0.1', 62297)",0.014917000953573734,248.13833300140686,"{'data': 'Benchmark hello from client 6, req 2', 'request_id': 'client6-req2-26621d28'}",196.27112500165822,client6-req2-26621d28,SUCCESS,1747410862.041641,159.98695800226415,"{'data': 'Response from worker-1 to request client6-req2-26621d28', 'original_request_id': 'client6-"
worker-0,"('127.0.0.1', 62291)",0.01041700306814164,1030.7210000028135,"{'data': 'Benchmark hello from client 0, req 1', 'request_id': 'client0-req1-6c67b1a4'}",978.9500830011093,client0-req1-6c67b1a4,SUCCESS,1747410861.2601302,108.15262499818346,"{'data': 'Response from worker-0 to request client0-req1-6c67b1a4', 'original_request_id': 'client0-"
worker-0,"('127.0.0.1', 62292)",0.007499998901039362,1037.1364589955192,"{'data': 'Benchmark hello from client 1, req 1', 'request_id': 'client1-req1-785f7f05'}",985.3930409954046,client1-req1-785f7f05,SUCCESS,1747410861.326947,73.26166600250872,"{'data': 'Response from worker-0 to request client1-req1-785f7f05', 'original_request_id': 'client1-"
worker-0,"('127.0.0.1', 62293)",0.010415998985990882,1073.4719169995515,"{'data': 'Benchmark hello from client 2, req 1', 'request_id': 'client2-req1-bba8970b'}",1021.4854999940144,client2-req1-bba8970b,SUCCESS,1747410861.407562,116.16033400059678,"{'data': 'Response from worker-0 to request client2-req1-bba8970b', 'original_request_id': 'client2-"
worker-1,"('127.0.0.1', 62299)",0.028624999686144292,360.1756249991013,"{'data': 'Benchmark hello from client 8, req 2', 'request_id': 'client8-req2-5c346542'}",307.0553750003455,client8-req2-5c346542,SUCCESS,1747410862.129792,199.3603750015609,"{'data': 'Response from worker-1 to request client8-req2-5c346542', 'original_request_id': 'client8-"
worker-0,"('127.0.0.1', 62294)",0.015208002878353,1054.490792004799,"{'data': 'Benchmark hello from client 3, req 1', 'request_id': 'client3-req1-5a45618b'}",1002.7545419943635,client3-req1-5a45618b,SUCCESS,1747410861.520642,94.57300000212854,"{'data': 'Response from worker-0 to request client3-req1-5a45618b', 'original_request_id': 'client3-"
worker-1,"('127.0.0.1', 62300)",0.039541999285575,441.31991600443143,"{'data': 'Benchmark hello from client 9, req 1', 'request_id': 'client9-req1-feeb65fb'}",387.6763340012985,client9-req1-feeb65fb,SUCCESS,1747410862.1836412,134.359832998598,"{'data': 'Response from worker-1 to request client9-req1-feeb65fb', 'original_request_id': 'client9-"
worker-0,"('127.0.0.1', 62295)",0.030957999115344137,993.6528749967692,"{'data': 'Benchmark hello from client 4, req 1', 'request_id': 'client4-req1-87951445'}",940.8433339995099,client4-req1-87951445,SUCCESS,1747410861.657679,75.14549999905284,"{'data': 'Response from worker-0 to request client4-req1-87951445', 'original_request_id': 'client4-"
worker-1,"('127.0.0.1', 62296)",0.01979200169444084,506.4760000022943,"{'data': 'Benchmark hello from client 5, req 3', 'request_id': 'client5-req3-9b466d71'}",453.38387499941746,client5-req3-9b466d71,SUCCESS,1747410862.185442,66.43416699807858,"{'data': 'Response from worker-1 to request client5-req3-9b466d71', 'original_request_id': 'client5-"
worker-1,"('127.0.0.1', 62298)",0.03191699943272397,570.3850829959265,"{'data': 'Benchmark hello from client 7, req 2', 'request_id': 'client7-req2-d0d68aa3'}",516.2470409995876,client7-req2-d0d68aa3,SUCCESS,1747410862.289237,166.5027499984717,"{'data': 'Response from worker-1 to request client7-req2-d0d68aa3', 'original_request_id': 'client7-"
worker-1,"('127.0.0.1', 62297)",0.018332997569814324,710.9378749955795,"{'data': 'Benchmark hello from client 6, req 3', 'request_id': 'client6-req3-54636172'}",656.4287079963833,client6-req3-54636172,SUCCESS,1747410862.291939,142.20058399951085,"{'data': 'Response from worker-1 to request client6-req3-54636172', 'original_request_id': 'client6-"
worker-1,"('127.0.0.1', 62291)",0.014750003174412996,815.2729580033338,"{'data': 'Benchmark hello from client 0, req 2', 'request_id': 'client0-req2-60c3b88c'}",760.3837499991641,client0-req2-60c3b88c,SUCCESS,1747410862.29274,103.98512500250945,"{'data': 'Response from worker-1 to request client0-req2-60c3b88c', 'original_request_id': 'client0-"
worker-1,"('127.0.0.1', 62292)",0.0351249982486479,910.8300829975633,"{'data': 'Benchmark hello from client 1, req 2', 'request_id': 'client1-req2-ad105227'}",857.331332998001,client1-req2-ad105227,SUCCESS,1747410862.3643079,168.33566699642688,"{'data': 'Response from worker-1 to request client1-req2-ad105227', 'original_request_id': 'client1-"
worker-1,"('127.0.0.1', 62293)",0.031124996894504875,928.510792000452,"{'data': 'Benchmark hello from client 2, req 2', 'request_id': 'client2-req2-47252ddb'}",875.5592499946943,client2-req2-47252ddb,SUCCESS,1747410862.480969,135.29416699748253,"{'data': 'Response from worker-1 to request client2-req2-47252ddb', 'original_request_id': 'client2-"
worker-1,"('127.0.0.1', 62299)",0.018207996618002653,1070.094667004014,"{'data': 'Benchmark hello from client 8, req 3', 'request_id': 'client8-req3-e39af9bb'}",1017.2679590032203,client8-req3-e39af9bb,SUCCESS,1747410862.489323,150.21787499426864,"{'data': 'Response from worker-1 to request client8-req3-e39af9bb', 'original_request_id': 'client8-"
worker-1,"('127.0.0.1', 62294)",0.038791004044469446,1106.498790999467,"{'data': 'Benchmark hello from client 3, req 2', 'request_id': 'client3-req2-12588aa0'}",1055.0202500016894,client3-req2-12588aa0,SUCCESS,1747410862.573765,122.00204099644907,"{'data': 'Response from worker-1 to request client3-req2-12588aa0', 'original_request_id': 'client3-"
worker-1,"('127.0.0.1', 62300)",0.03154099977109581,1231.8171669976437,"{'data': 'Benchmark hello from client 9, req 2', 'request_id': 'client9-req2-ba96a163'}",1179.1357500042068,client9-req2-ba96a163,SUCCESS,1747410862.623671,173.17458299658028,"{'data': 'Response from worker-1 to request client9-req2-ba96a163', 'original_request_id': 'client9-"
worker-1,"('127.0.0.1', 62295)",0.03374999505467713,1280.9197919996222,"{'data': 'Benchmark hello from client 4, req 2', 'request_id': 'client4-req2-dd8e27c8'}",1228.1856670015259,client4-req2-dd8e27c8,SUCCESS,1747410862.65057,76.19391600019298,"{'data': 'Response from worker-1 to request client4-req2-dd8e27c8', 'original_request_id': 'client4-"
worker-0,"('127.0.0.1', 62300)",0.03329200262669474,121.86291599937249,"{'data': 'Benchmark hello from client 9, req 3', 'request_id': 'client9-req3-0e518cb2'}",69.23054099752335,client9-req3-0e518cb2,SUCCESS,1747410863.8546429,68.04158299928531,"{'data': 'Response from worker-0 to request client9-req3-0e518cb2', 'original_request_id': 'client9-"
worker-1,"('127.0.0.1', 62296)",0.03454100078670308,1424.1234580040327,"{'data': 'Benchmark hello from client 5, req 4', 'request_id': 'client5-req4-4a8c392d'}",1370.9105829984765,client5-req4-4a8c392d,SUCCESS,1747410862.691479,183.0686670000432,"{'data': 'Response from worker-1 to request client5-req4-4a8c392d', 'original_request_id': 'client5-"
worker-0,"('127.0.0.1', 62295)",0.025958004698622972,188.66283299576025,"{'data': 'Benchmark hello from client 4, req 3', 'request_id': 'client4-req3-9668920e'}",137.03158400312532,client4-req3-9668920e,SUCCESS,1747410863.9293828,136.3070000006701,"{'data': 'Response from worker-0 to request client4-req3-9668920e', 'original_request_id': 'client4-"
worker-1,"('127.0.0.1', 62298)",0.18445800378685817,1322.6088330047787,"{'data': 'Benchmark hello from client 7, req 3', 'request_id': 'client7-req3-5ebfe5b0'}",1267.3048329961603,client7-req3-5ebfe5b0,SUCCESS,1747410862.859102,64.64841699926183,"{'data': 'Response from worker-1 to request client7-req3-5ebfe5b0', 'original_request_id': 'client7-"
worker-0,"('127.0.0.1', 62300)",0.03650000144261867,296.27008300303714,"{'data': 'Benchmark hello from client 9, req 4', 'request_id': 'client9-req4-7a988898'}",243.21687500196276,client9-req4-7a988898,SUCCESS,1747410863.976657,152.87016600632342,"{'data': 'Response from worker-0 to request client9-req4-7a988898', 'original_request_id': 'client9-"
worker-1,"('127.0.0.1', 62297)",0.03354200453031808,1313.87554200046,"{'data': 'Benchmark hello from client 6, req 4', 'request_id': 'client6-req4-3ea937a9'}",1260.9465420027846,client6-req4-3ea937a9,SUCCESS,1747410863.000706,134.18216699938057,"{'data': 'Response from worker-1 to request client6-req4-3ea937a9', 'original_request_id': 'client6-"
worker-0,"('127.0.0.1', 62296)",0.034666998544707894,253.9484579974669,"{'data': 'Benchmark hello from client 5, req 5', 'request_id': 'client5-req5-12c288c4'}",200.78212500084192,client5-req5-12c288c4,SUCCESS,1747410864.114454,95.2365000048303,"{'data': 'Response from worker-0 to request client5-req5-12c288c4', 'original_request_id': 'client5-"
worker-0,"('127.0.0.1', 62295)",0.018500002624932677,303.16466700605815,"{'data': 'Benchmark hello from client 4, req 4', 'request_id': 'client4-req4-236b58ee'}",251.25712500448572,client4-req4-236b58ee,SUCCESS,1747410864.118167,53.73416600195924,"{'data': 'Response from worker-0 to request client4-req4-236b58ee', 'original_request_id': 'client4-"
worker-1,"('127.0.0.1', 62291)",0.03370799822732806,1348.189458003617,"{'data': 'Benchmark hello from client 0, req 3', 'request_id': 'client0-req3-14f5baf2'}",1295.9128329966916,client0-req3-14f5baf2,SUCCESS,1747410863.10481,138.57145899964962,"{'data': 'Response from worker-1 to request client0-req3-14f5baf2', 'original_request_id': 'client0-"
worker-0,"('127.0.0.1', 62298)",0.03841600118903443,326.9361659986316,"{'data': 'Benchmark hello from client 7, req 4', 'request_id': 'client7-req4-ab9418c0'}",273.50408399797743,client7-req4-ab9418c0,SUCCESS,1747410864.1803079,84.98804100236157,"{'data': 'Response from worker-0 to request client7-req4-ab9418c0', 'original_request_id': 'client7-"
worker-1,"('127.0.0.1', 62292)",0.038209000194910914,1355.582250005682,"{'data': 'Benchmark hello from client 1, req 3', 'request_id': 'client1-req3-c667b49b'}",1302.0450830008485,client1-req3-c667b49b,SUCCESS,1747410863.274615,175.79333399771713,"{'data': 'Response from worker-1 to request client1-req3-c667b49b', 'original_request_id': 'client1-"
worker-0,"('127.0.0.1', 62300)",0.03112500417046249,393.43450000160374,"{'data': 'Benchmark hello from client 9, req 5', 'request_id': 'client9-req5-5bb85abf'}",340.55966600135434,client9-req5-5bb85abf,SUCCESS,1747410864.272609,158.9555829996243,"{'data': 'Response from worker-0 to request client9-req5-5bb85abf', 'original_request_id': 'client9-"
worker-0,"('127.0.0.1', 62297)",0.03737500082934275,428.38449999544537,"{'data': 'Benchmark hello from client 6, req 5', 'request_id': 'client6-req5-aff137db'}",374.88345799647504,client6-req5-aff137db,SUCCESS,1747410864.314098,75.30099999712547,"{'data': 'Response from worker-0 to request client6-req5-aff137db', 'original_request_id': 'client6-"
worker-1,"('127.0.0.1', 62293)",0.014790995919611305,1401.2943330017151,"{'data': 'Benchmark hello from client 2, req 3', 'request_id': 'client2-req3-845acd46'}",1349.6643750040676,client2-req3-845acd46,SUCCESS,1747410863.407146,179.34108399640536,"{'data': 'Response from worker-1 to request client2-req3-845acd46', 'original_request_id': 'client2-"
worker-0,"('127.0.0.1', 62296)",0.038207996112760156,520.9251250053057,"{'data': 'Benchmark hello from client 5, req 6', 'request_id': 'client5-req6-1253e705'}",468.1077080022078,client5-req6-1253e705,SUCCESS,1747410864.367873,147.13954200124135,"{'data': 'Response from worker-0 to request client5-req6-1253e705', 'original_request_id': 'client5-"
worker-1,"('127.0.0.1', 62299)",0.011416996130719781,1411.588541996025,"{'data': 'Benchmark hello from client 8, req 4', 'request_id': 'client8-req4-e4edcded'}",1359.9075830061338,client8-req4-e4edcded,SUCCESS,1747410863.557823,161.31512499850942,"{'data': 'Response from worker-1 to request client8-req4-e4edcded', 'original_request_id': 'client8-"
worker-0,"('127.0.0.1', 62295)",0.03312499757157639,625.89816700347,"{'data': 'Benchmark hello from client 4, req 5', 'request_id': 'client4-req5-ae408a7c'}",572.2018750020652,client4-req5-ae408a7c,SUCCESS,1747410864.422726,158.6662920017261,"{'data': 'Response from worker-0 to request client4-req5-ae408a7c', 'original_request_id': 'client4-"
worker-0,"('127.0.0.1', 62291)",0.03754199860850349,662.890374995186,"{'data': 'Benchmark hello from client 0, req 4', 'request_id': 'client0-req4-5b6778f5'}",609.6154590049991,client0-req4-5b6778f5,SUCCESS,1747410864.4529762,66.81358299829299,"{'data': 'Response from worker-0 to request client0-req4-5b6778f5', 'original_request_id': 'client0-"
worker-1,"('127.0.0.1', 62294)",0.029292001272551715,1444.7360829944955,"{'data': 'Benchmark hello from client 3, req 3', 'request_id': 'client3-req3-699d9066'}",1391.9628750008997,client3-req3-699d9066,SUCCESS,1747410863.680353,154.5194580030511,"{'data': 'Response from worker-1 to request client3-req3-699d9066', 'original_request_id': 'client3-"
worker-0,"('127.0.0.1', 62298)",0.03779200051212683,768.9699170005042,"{'data': 'Benchmark hello from client 7, req 5', 'request_id': 'client7-req5-16da29c7'}",715.1491659969906,client7-req5-16da29c7,SUCCESS,1747410864.507026,159.533250000095,"{'data': 'Response from worker-0 to request client7-req5-16da29c7', 'original_request_id': 'client7-"
worker-0,"('127.0.0.1', 62292)",0.027750000299420208,693.2265419964097,"{'data': 'Benchmark hello from client 1, req 4', 'request_id': 'client1-req4-11526143'}",640.5892499969923,client1-req4-11526143,SUCCESS,1747410864.628333,46.16233300475869,"{'data': 'Response from worker-0 to request client1-req4-11526143', 'original_request_id': 'client1-"
worker-0,"('127.0.0.1', 62300)",0.03816700336756185,713.5817910020705,"{'data': 'Benchmark hello from client 9, req 6', 'request_id': 'client9-req6-373d48f0'}",660.0425829965388,client9-req6-373d48f0,SUCCESS,1747410864.666104,56.969707999087404,"{'data': 'Response from worker-0 to request client9-req6-373d48f0', 'original_request_id': 'client9-"
worker-0,"('127.0.0.1', 62297)",0.04641600389732048,777.3364999957266,"{'data': 'Benchmark hello from client 6, req 6', 'request_id': 'client6-req6-195efb01'}",723.0940000008559,client6-req6-195efb01,SUCCESS,1747410864.742786,138.88712500192923,"{'data': 'Response from worker-0 to request client6-req6-195efb01', 'original_request_id': 'client6-"
worker-0,"('127.0.0.1', 62293)",0.03700000524986535,752.6909999942291,"{'data': 'Benchmark hello from client 2, req 4', 'request_id': 'client2-req4-66645d62'}",698.8882090008701,client2-req4-66645d62,SUCCESS,1747410864.809812,43.098875001305714,"{'data': 'Response from worker-0 to request client2-req4-66645d62', 'original_request_id': 'client2-"
worker-0,"('127.0.0.1', 62296)",0.0351249982486479,794.4667920019128,"{'data': 'Benchmark hello from client 5, req 7', 'request_id': 'client5-req7-a2285ddc'}",741.2722920053056,client5-req7-a2285ddc,SUCCESS,1747410864.88896,121.5749999973923,"{'data': 'Response from worker-0 to request client5-req7-a2285ddc', 'original_request_id': 'client5-"
worker-0,"('127.0.0.1', 62299)",0.034457996662240475,808.8177500030724,"{'data': 'Benchmark hello from client 8, req 5', 'request_id': 'client8-req5-6a953aa5'}",756.0483750057756,client8-req5-6a953aa5,SUCCESS,1747410864.969239,95.0368339981651,"{'data': 'Response from worker-0 to request client8-req5-6a953aa5', 'original_request_id': 'client8-"
worker-0,"('127.0.0.1', 62295)",0.032709001970943063,772.1580420038663,"{'data': 'Benchmark hello from client 4, req 6', 'request_id': 'client4-req6-3d08bad0'}",719.5585840017884,client4-req6-3d08bad0,SUCCESS,1747410865.047292,41.50837500492344,"{'data': 'Response from worker-0 to request client4-req6-3d08bad0', 'original_request_id': 'client4-"
worker-0,"('127.0.0.1', 62291)",0.037500001781154424,800.377749998006,"{'data': 'Benchmark hello from client 0, req 5', 'request_id': 'client0-req5-518aca68'}",746.6529169978458,client0-req5-518aca68,SUCCESS,1747410865.11555,95.76291700068396,"{'data': 'Response from worker-0 to request client0-req5-518aca68', 'original_request_id': 'client0-"
worker-0,"('127.0.0.1', 62294)",0.02183399919886142,869.5711670006858,"{'data': 'Benchmark hello from client 3, req 4', 'request_id': 'client3-req4-7aee86a7'}",814.1204159983317,client3-req4-7aee86a7,SUCCESS,1747410865.126803,76.55070799955865,"{'data': 'Response from worker-0 to request client3-req4-7aee86a7', 'original_request_id': 'client3-"
worker-2,"('127.0.0.1', 62299)",0.01166600122814998,273.74791600595927,"{'data': 'Benchmark hello from client 8, req 6', 'request_id': 'client8-req6-0d9e5c45'}",221.9238750039949,client8-req6-0d9e5c45,SUCCESS,1747410865.7767072,220.89862499706214,"{'data': 'Response from worker-2 to request client8-req6-0d9e5c45', 'original_request_id': 'client8-"
worker-1,"('127.0.0.1', 62291)",0.031541996577288955,193.02108400006546,"{'data': 'Benchmark hello from client 0, req 6', 'request_id': 'client0-req6-25346f74'}",139.22841699968558,client0-req6-25346f74,SUCCESS,1747410865.9157372,137.92000000103144,"{'data': 'Response from worker-1 to request client0-req6-25346f74', 'original_request_id': 'client0-"
worker-0,"('127.0.0.1', 62298)",0.16008399688871577,872.6162500024657,"{'data': 'Benchmark hello from client 7, req 6', 'request_id': 'client7-req6-9a338e9d'}",819.5870000054128,client7-req6-9a338e9d,SUCCESS,1747410865.274577,154.71195799909765,"{'data': 'Response from worker-0 to request client7-req6-9a338e9d', 'original_request_id': 'client7-"
worker-1,"('127.0.0.1', 62294)",0.04133400216232985,172.53933400206733,"{'data': 'Benchmark hello from client 3, req 5', 'request_id': 'client3-req5-7df1a283'}",119.3267080016085,client3-req5-7df1a283,SUCCESS,1747410865.993664,58.03516600281,"{'data': 'Response from worker-1 to request client3-req5-7df1a283', 'original_request_id': 'client3-"
worker-2,"('127.0.0.1', 62295)",0.012042000889778137,381.8112920052954,"{'data': 'Benchmark hello from client 4, req 7', 'request_id': 'client4-req7-9c347990'}",329.97037500172155,client4-req7-9c347990,SUCCESS,1747410865.818398,149.85062499908963,"{'data': 'Response from worker-2 to request client4-req7-9c347990', 'original_request_id': 'client4-"
worker-0,"('127.0.0.1', 62292)",0.03941699833376333,938.0742499997723,"{'data': 'Benchmark hello from client 1, req 5', 'request_id': 'client1-req5-049ab03d'}",884.9394170028972,client1-req5-049ab03d,SUCCESS,1747410865.3214788,111.6875420048018,"{'data': 'Response from worker-0 to request client1-req5-049ab03d', 'original_request_id': 'client1-"
worker-1,"('127.0.0.1', 62299)",0.03462500171735883,297.43258399685146,"{'data': 'Benchmark hello from client 8, req 7', 'request_id': 'client8-req7-aab12e95'}",244.598416997178,client8-req7-aab12e95,SUCCESS,1747410866.050849,181.23408399696928,"{'data': 'Response from worker-1 to request client8-req7-aab12e95', 'original_request_id': 'client8-"
worker-0,"('127.0.0.1', 62300)",0.03774999640882015,987.5041659979615,"{'data': 'Benchmark hello from client 9, req 7', 'request_id': 'client9-req7-33a92114'}",934.0191669980413,client9-req7-33a92114,SUCCESS,1747410865.37938,106.44750000210479,"{'data': 'Response from worker-0 to request client9-req7-33a92114', 'original_request_id': 'client9-"
worker-0,"('127.0.0.1', 62297)",0.0155829984578304,1010.1574580039596,"{'data': 'Benchmark hello from client 6, req 7', 'request_id': 'client6-req7-75463c19'}",958.0285829943023,client6-req7-75463c19,SUCCESS,1747410865.5178728,161.77312500076368,"{'data': 'Response from worker-0 to request client6-req7-75463c19', 'original_request_id': 'client6-"
worker-1,"('127.0.0.1', 62291)",0.029791997803840786,433.28270799975144,"{'data': 'Benchmark hello from client 0, req 7', 'request_id': 'client0-req7-e9d93389'}",380.6374580017291,client0-req7-e9d93389,SUCCESS,1747410866.107476,192.8241249988787,"{'data': 'Response from worker-1 to request client0-req7-e9d93389', 'original_request_id': 'client0-"
worker-0,"('127.0.0.1', 62293)",0.014834004105068743,1063.9309159960249,"{'data': 'Benchmark hello from client 2, req 5', 'request_id': 'client2-req5-b955968d'}",1012.5347499997588,client2-req5-b955968d,SUCCESS,1747410865.559841,96.33049999683863,"{'data': 'Response from worker-0 to request client2-req5-b955968d', 'original_request_id': 'client2-"
worker-1,"('127.0.0.1', 62298)",0.033958000130951405,584.875499996997,"{'data': 'Benchmark hello from client 7, req 7', 'request_id': 'client7-req7-10203c18'}",531.7707920039538,client7-req7-10203c18,SUCCESS,1747410866.147142,190.2059999993071,"{'data': 'Response from worker-1 to request client7-req7-10203c18', 'original_request_id': 'client7-"
worker-0,"('127.0.0.1', 62296)",0.008332994184456766,1068.5535409938893,"{'data': 'Benchmark hello from client 5, req 8', 'request_id': 'client5-req8-969d412b'}",1016.6783340027905,client5-req8-969d412b,SUCCESS,1747410865.681802,125.89475000277162,"{'data': 'Response from worker-0 to request client5-req8-969d412b', 'original_request_id': 'client5-"
worker-1,"('127.0.0.1', 62294)",0.027832997147925198,704.0905829999247,"{'data': 'Benchmark hello from client 3, req 6', 'request_id': 'client3-req6-e03b66c8'}",650.9335419978015,client3-req6-e03b66c8,SUCCESS,1747410866.166143,137.60233399807476,"{'data': 'Response from worker-1 to request client3-req6-e03b66c8', 'original_request_id': 'client3-"
worker-1,"('127.0.0.1', 62295)",0.04179200186626986,835.050665999006,"{'data': 'Benchmark hello from client 4, req 8', 'request_id': 'client4-req8-e7b18893'}",781.0465410002507,client4-req8-e7b18893,SUCCESS,1747410866.20177,166.1911670016707,"{'data': 'Response from worker-1 to request client4-req8-e7b18893', 'original_request_id': 'client4-"
worker-1,"('127.0.0.1', 62292)",0.03562500205589458,921.442416998616,"{'data': 'Benchmark hello from client 1, req 6', 'request_id': 'client1-req6-a92ae328'}",868.7514580014977,client1-req6-a92ae328,SUCCESS,1747410866.25866,144.05379199888557,"{'data': 'Response from worker-1 to request client1-req6-a92ae328', 'original_request_id': 'client1-"
worker-1,"('127.0.0.1', 62299)",0.031249997846316546,926.8932089980808,"{'data': 'Benchmark hello from client 8, req 8', 'request_id': 'client8-req8-eeda9680'}",873.9159169999766,client8-req8-eeda9680,SUCCESS,1747410866.348097,94.28270799980965,"{'data': 'Response from worker-1 to request client8-req8-eeda9680', 'original_request_id': 'client8-"
worker-1,"('127.0.0.1', 62300)",0.04920799983665347,1019.0812090004329,"{'data': 'Benchmark hello from client 9, req 8', 'request_id': 'client9-req8-2a52145d'}",964.110790999257,client9-req8-2a52145d,SUCCESS,1747410866.367854,109.1647500070394,"{'data': 'Response from worker-1 to request client9-req8-2a52145d', 'original_request_id': 'client9-"
worker-1,"('127.0.0.1', 62297)",0.029333998099900782,1041.9413749987143,"{'data': 'Benchmark hello from client 6, req 8', 'request_id': 'client6-req8-be09e6fd'}",988.5540420000325,client6-req8-be09e6fd,SUCCESS,1747410866.528181,184.71420899732038,"{'data': 'Response from worker-1 to request client6-req8-be09e6fd', 'original_request_id': 'client6-"
worker-1,"('127.0.0.1', 62291)",0.021874999220017344,1084.1090000030817,"{'data': 'Benchmark hello from client 0, req 8', 'request_id': 'client0-req8-63c111c6'}",1027.4525830027414,client0-req8-63c111c6,SUCCESS,1747410866.543064,55.010165997373406,"{'data': 'Response from worker-1 to request client0-req8-63c111c6', 'original_request_id': 'client0-"
worker-1,"('127.0.0.1', 62293)",0.03583399666240439,1146.0460829985095,"{'data': 'Benchmark hello from client 2, req 6', 'request_id': 'client2-req6-f620b215'}",1093.1245840038173,client2-req6-f620b215,SUCCESS,1747410866.624392,145.93550000427058,"{'data': 'Response from worker-1 to request client2-req6-f620b215', 'original_request_id': 'client2-"
worker-0,"('127.0.0.1', 62293)",0.01416700251866132,142.88504200521857,"{'data': 'Benchmark hello from client 2, req 7', 'request_id': 'client2-req7-041c806a'}",91.51954099797877,client2-req7-041c806a,SUCCESS,1747410867.768534,91.10749999672407,"{'data': 'Response from worker-0 to request client2-req7-041c806a', 'original_request_id': 'client2-"
worker-1,"('127.0.0.1', 62298)",0.03133300197077915,1207.3969999983092,"{'data': 'Benchmark hello from client 7, req 8', 'request_id': 'client7-req8-694efbe7'}",1154.4612910001888,client7-req8-694efbe7,SUCCESS,1747410866.731644,168.6144159975811,"{'data': 'Response from worker-1 to request client7-req8-694efbe7', 'original_request_id': 'client7-"
worker-0,"('127.0.0.1', 62293)",0.011208001524209976,152.139416000864,"{'data': 'Benchmark hello from client 2, req 8', 'request_id': 'client2-req8-81cbc9f9'}",100.24604200589238,client2-req8-81cbc9f9,SUCCESS,1747410867.911864,99.74362499633571,"{'data': 'Response from worker-0 to request client2-req8-81cbc9f9', 'original_request_id': 'client2-"
worker-1,"('127.0.0.1', 62296)",0.04074999742442742,1320.3104170024744,"{'data': 'Benchmark hello from client 5, req 9', 'request_id': 'client5-req9-bb12da9d'}",1265.1671249986975,client5-req9-bb12da9d,SUCCESS,1747410866.752028,131.6607910048333,"{'data': 'Response from worker-1 to request client5-req9-bb12da9d', 'original_request_id': 'client5-"
worker-0,"('127.0.0.1', 62298)",0.012165997759439051,224.0981249997276,"{'data': 'Benchmark hello from client 7, req 9', 'request_id': 'client7-req9-17375d50'}",172.0382920029806,client7-req9-17375d50,SUCCESS,1747410867.937613,96.75708300346741,"{'data': 'Response from worker-0 to request client7-req9-17375d50', 'original_request_id': 'client7-"
worker-1,"('127.0.0.1', 62294)",0.015375000657513738,1354.0573749996838,"{'data': 'Benchmark hello from client 3, req 7', 'request_id': 'client3-req7-f4353baf'}",1301.51987499994,client3-req7-f4353baf,SUCCESS,1747410866.869298,151.8805829982739,"{'data': 'Response from worker-1 to request client3-req7-f4353baf', 'original_request_id': 'client3-"
worker-0,"('127.0.0.1', 62293)",0.03237499913666397,188.9959580003051,"{'data': 'Benchmark hello from client 2, req 9', 'request_id': 'client2-req9-29764b77'}",135.70316699770046,client2-req9-29764b77,SUCCESS,1747410868.0648289,91.02508299838519,"{'data': 'Response from worker-0 to request client2-req9-29764b77', 'original_request_id': 'client2-"
worker-1,"('127.0.0.1', 62295)",0.028959002520423383,1290.460542004439,"{'data': 'Benchmark hello from client 4, req 9', 'request_id': 'client4-req9-09858c3a'}",1237.9536670050584,client4-req9-09858c3a,SUCCESS,1747410867.0349061,102.11549999803538,"{'data': 'Response from worker-1 to request client4-req9-09858c3a', 'original_request_id': 'client4-"
worker-0,"('127.0.0.1', 62296)",0.018332997569814324,323.90487500379095,"{'data': 'Benchmark hello from client 5, req 10', 'request_id': 'client5-req10-5beb3b6c'}",271.73866699740756,client5-req10-5beb3b6c,SUCCESS,1747410868.069143,139.778374999878,"{'data': 'Response from worker-0 to request client5-req10-5beb3b6c', 'original_request_id': 'client5"
worker-0,"('127.0.0.1', 62298)",0.03520900645526126,308.67937500443077,"{'data': 'Benchmark hello from client 7, req 10', 'request_id': 'client7-req10-73ec2908'}",255.42000000132248,client7-req10-73ec2908,SUCCESS,1747410868.162495,77.08829100010917,"{'data': 'Response from worker-0 to request client7-req10-73ec2908', 'original_request_id': 'client7"
worker-1,"('127.0.0.1', 62292)",0.039457998354919255,1300.7369580009254,"{'data': 'Benchmark hello from client 1, req 7', 'request_id': 'client1-req7-f5b9d7d8'}",1247.4714589989162,client1-req7-f5b9d7d8,SUCCESS,1747410867.180029,155.00383300241083,"{'data': 'Response from worker-1 to request client1-req7-f5b9d7d8', 'original_request_id': 'client1-"
worker-0,"('127.0.0.1', 62294)",0.03295799979241565,303.40529100067215,"{'data': 'Benchmark hello from client 3, req 8', 'request_id': 'client3-req8-05fdb67f'}",249.47249999968335,client3-req8-05fdb67f,SUCCESS,1747410868.22368,54.39104200195288,"{'data': 'Response from worker-0 to request client3-req8-05fdb67f', 'original_request_id': 'client3-"
worker-0,"('127.0.0.1', 62293)",0.03708299482241273,340.2201659991988,"{'data': 'Benchmark hello from client 2, req 10', 'request_id': 'client2-req10-3b977c7c'}",286.4995829950203,client2-req10-3b977c7c,SUCCESS,1747410868.254234,68.22975000250153,"{'data': 'Response from worker-0 to request client2-req10-3b977c7c', 'original_request_id': 'client2"
worker-1,"('127.0.0.1', 62299)",0.03629199636634439,1392.302792002738,"{'data': 'Benchmark hello from client 8, req 9', 'request_id': 'client8-req9-b6cd5cc0'}",1338.440375002392,client8-req9-b6cd5cc0,SUCCESS,1747410867.275438,184.47108400141587,"{'data': 'Response from worker-1 to request client8-req9-b6cd5cc0', 'original_request_id': 'client8-"
worker-0,"('127.0.0.1', 62295)",0.03454100078670308,363.80329199892003,"{'data': 'Benchmark hello from client 4, req 10', 'request_id': 'client4-req10-1cd30063'}",310.4650829991442,client4-req10-1cd30063,SUCCESS,1747410868.3252742,93.7282500017318,"{'data': 'Response from worker-0 to request client4-req10-1cd30063', 'original_request_id': 'client4"
worker-0,"('127.0.0.1', 62296)",0.062292005168274045,437.8560409968486,"{'data': 'Benchmark hello from client 5, req 11', 'request_id': 'client5-req11-6d0db807'}",382.8894999969634,client5-req11-6d0db807,SUCCESS,1747410868.3954198,142.53670800098917,"{'data': 'Response from worker-0 to request client5-req11-6d0db807', 'original_request_id': 'client5"
worker-1,"('127.0.0.1', 62300)",0.03612500586314127,1466.5232920015114,"{'data': 'Benchmark hello from client 9, req 9', 'request_id': 'client9-req9-e0f3d9fc'}",1412.9122089943849,client9-req9-e0f3d9fc,SUCCESS,1747410867.384866,185.02491700201062,"{'data': 'Response from worker-1 to request client9-req9-e0f3d9fc', 'original_request_id': 'client9-"
worker-0,"('127.0.0.1', 62298)",0.03375000233063474,448.5035830002744,"{'data': 'Benchmark hello from client 7, req 11', 'request_id': 'client7-req11-9ccca351'}",395.1648340007523,client7-req11-9ccca351,SUCCESS,1747410868.470966,88.10033299960196,"{'data': 'Response from worker-0 to request client7-req11-9ccca351', 'original_request_id': 'client7"
worker-1,"('127.0.0.1', 62297)",0.03412500518606976,1433.261375001166,"{'data': 'Benchmark hello from client 6, req 9', 'request_id': 'client6-req9-a6ce9b78'}",1379.4816660010838,client6-req9-a6ce9b78,SUCCESS,1747410867.570101,151.1501249988214,"{'data': 'Response from worker-1 to request client6-req9-a6ce9b78', 'original_request_id': 'client6-"
worker-0,"('127.0.0.1', 62292)",0.020166000467725098,542.7377079977305,"{'data': 'Benchmark hello from client 1, req 8', 'request_id': 'client1-req8-e251a7de'}",490.61983299907297,client1-req8-e251a7de,SUCCESS,1747410868.4789052,103.03050000220537,"{'data': 'Response from worker-0 to request client1-req8-e251a7de', 'original_request_id': 'client1-"
worker-0,"('127.0.0.1', 62294)",0.03620800271164626,583.390749998216,"{'data': 'Benchmark hello from client 3, req 9', 'request_id': 'client3-req9-c4c6c3c1'}",529.8381669999799,client3-req9-c4c6c3c1,SUCCESS,1747410868.526644,86.92141699430067,"{'data': 'Response from worker-0 to request client3-req9-c4c6c3c1', 'original_request_id': 'client3-"
worker-1,"('127.0.0.1', 62291)",0.03783300053328276,1566.6076249981415,"{'data': 'Benchmark hello from client 0, req 9', 'request_id': 'client0-req9-03f4043a'}",1513.2343329969444,client0-req9-03f4043a,SUCCESS,1747410867.624511,187.5287090006168,"{'data': 'Response from worker-1 to request client0-req9-03f4043a', 'original_request_id': 'client0-"
worker-0,"('127.0.0.1', 62293)",0.04237499524606392,638.6799169995356,"{'data': 'Benchmark hello from client 2, req 11', 'request_id': 'client2-req11-418140c8'}",585.2402079981402,client2-req11-418140c8,SUCCESS,1747410868.593697,121.49395899905358,"{'data': 'Response from worker-0 to request client2-req11-418140c8', 'original_request_id': 'client2"
worker-0,"('127.0.0.1', 62299)",0.03920799645129591,660.6771669976297,"{'data': 'Benchmark hello from client 8, req 10', 'request_id': 'client8-req10-27aa60ac'}",606.3163330036332,client8-req10-27aa60ac,SUCCESS,1747410868.667116,95.04466599901207,"{'data': 'Response from worker-0 to request client8-req10-27aa60ac', 'original_request_id': 'client8"
worker-0,"('127.0.0.1', 62295)",0.0165839956025593,723.9895419988898,"{'data': 'Benchmark hello from client 4, req 11', 'request_id': 'client4-req11-4371e811'}",671.1469579968252,client4-req11-4371e811,SUCCESS,1747410868.688598,85.17200000642333,"{'data': 'Response from worker-0 to request client4-req11-4371e811', 'original_request_id': 'client4"
worker-0,"('127.0.0.1', 62296)",0.0351249982486479,637.5405829967349,"{'data': 'Benchmark hello from client 5, req 12', 'request_id': 'client5-req12-687598ff'}",584.7217090049526,client5-req12-687598ff,SUCCESS,1747410868.8310819,56.28766700101551,"{'data': 'Response from worker-0 to request client5-req12-687598ff', 'original_request_id': 'client5"
worker-0,"('127.0.0.1', 62300)",0.022499996703118086,668.333541994798,"{'data': 'Benchmark hello from client 9, req 10', 'request_id': 'client9-req10-67b15477'}",614.2852500051958,client9-req10-67b15477,SUCCESS,1747410868.850698,48.28287500276929,"{'data': 'Response from worker-0 to request client9-req10-67b15477', 'original_request_id': 'client9"
worker-0,"('127.0.0.1', 62298)",0.04337500286055729,659.1738339993753,"{'data': 'Benchmark hello from client 7, req 12', 'request_id': 'client7-req12-ad7fd299'}",605.3772499944898,client7-req12-ad7fd299,SUCCESS,1747410868.91972,60.425625000789296,"{'data': 'Response from worker-0 to request client7-req12-ad7fd299', 'original_request_id': 'client7"
worker-0,"('127.0.0.1', 62297)",0.032916999771259725,736.5637919938308,"{'data': 'Benchmark hello from client 6, req 10', 'request_id': 'client6-req10-6561702c'}",683.4237089933595,client6-req10-6561702c,SUCCESS,1747410869.001997,159.8962920033955,"{'data': 'Response from worker-0 to request client6-req10-6561702c', 'original_request_id': 'client6"
worker-0,"('127.0.0.1', 62292)",0.03608300175983459,816.7606249990058,"{'data': 'Benchmark hello from client 1, req 9', 'request_id': 'client1-req9-168af127'}",763.8043330007349,client1-req9-168af127,SUCCESS,1747410869.022174,100.35074999905191,"{'data': 'Response from worker-0 to request client1-req9-168af127', 'original_request_id': 'client1-"
worker-2,"('127.0.0.1', 62297)",0.026249996153637767,129.74558299902128,"{'data': 'Benchmark hello from client 6, req 11', 'request_id': 'client6-req11-dca4ef6b'}",76.93187500262866,client6-req11-dca4ef6b,SUCCESS,1747410869.737765,75.86266699945554,"{'data': 'Response from worker-2 to request client6-req11-dca4ef6b', 'original_request_id': 'client6"
worker-0,"('127.0.0.1', 62294)",0.03862499579554424,888.4691249986645,"{'data': 'Benchmark hello from client 3, req 10', 'request_id': 'client3-req10-eba4ba51'}",832.5257499964209,client3-req10-eba4ba51,SUCCESS,1747410869.111783,158.72341700014658,"{'data': 'Response from worker-0 to request client3-req10-eba4ba51', 'original_request_id': 'client3"
worker-1,"('127.0.0.1', 62297)",0.019959006749559194,213.61391699610977,"{'data': 'Benchmark hello from client 6, req 12', 'request_id': 'client6-req12-cadf909f'}",160.85529099655105,client6-req12-cadf909f,SUCCESS,1747410869.867745,160.29174999857787,"{'data': 'Response from worker-1 to request client6-req12-cadf909f', 'original_request_id': 'client6"
worker-2,"('127.0.0.1', 62292)",0.031458999728783965,253.89775000076042,"{'data': 'Benchmark hello from client 1, req 10', 'request_id': 'client1-req10-e55d3898'}",200.15583299391437,client1-req10-e55d3898,SUCCESS,1747410869.8387132,199.1565830030595,"{'data': 'Response from worker-2 to request client1-req10-e55d3898', 'original_request_id': 'client1"
worker-0,"('127.0.0.1', 62291)",0.03237499913666397,935.2004589964054,"{'data': 'Benchmark hello from client 0, req 10', 'request_id': 'client0-req10-1719f8d8'}",882.2999170006369,client0-req10-1719f8d8,SUCCESS,1747410869.190083,127.70958300097845,"{'data': 'Response from worker-0 to request client0-req10-1719f8d8', 'original_request_id': 'client0"
worker-0,"('127.0.0.1', 62293)",0.036124998587183654,968.4510419974686,"{'data': 'Benchmark hello from client 2, req 12', 'request_id': 'client2-req12-f414fe32'}",915.198374997999,client2-req12-f414fe32,SUCCESS,1747410869.23229,75.0320000006468,"{'data': 'Response from worker-0 to request client2-req12-f414fe32', 'original_request_id': 'client2"
worker-1,"('127.0.0.1', 62294)",0.014000004739500582,246.85929199767997,"{'data': 'Benchmark hello from client 3, req 11', 'request_id': 'client3-req11-acc3dc30'}",195.15512499492615,client3-req11-acc3dc30,SUCCESS,1747410869.996282,162.705292001192,"{'data': 'Response from worker-1 to request client3-req11-acc3dc30', 'original_request_id': 'client3"
worker-1,"('127.0.0.1', 62297)",0.01054200401995331,219.19179100223118,"{'data': 'Benchmark hello from client 6, req 13', 'request_id': 'client6-req13-1e9c3541'}",167.7369580065715,client6-req13-1e9c3541,SUCCESS,1747410870.079987,56.03549999796087,"{'data': 'Response from worker-1 to request client6-req13-1e9c3541', 'original_request_id': 'client6"
worker-0,"('127.0.0.1', 62299)",0.03766699956031516,1034.5755000016652,"{'data': 'Benchmark hello from client 8, req 11', 'request_id': 'client8-req11-74223cfd'}",980.5731669985107,client8-req11-74223cfd,SUCCESS,1747410869.327137,159.7990829977789,"{'data': 'Response from worker-0 to request client8-req11-74223cfd', 'original_request_id': 'client8"
worker-0,"('127.0.0.1', 62295)",0.03316700167488307,1049.4662920027622,"{'data': 'Benchmark hello from client 4, req 12', 'request_id': 'client4-req12-34bfd4a5'}",995.7975829966017,client4-req12-34bfd4a5,SUCCESS,1747410869.412776,100.17874999903142,"{'data': 'Response from worker-0 to request client4-req12-34bfd4a5', 'original_request_id': 'client4"
worker-1,"('127.0.0.1', 62292)",0.011083000572398305,383.4131659968989,"{'data': 'Benchmark hello from client 1, req 11', 'request_id': 'client1-req11-d1ce998e'}",331.7540409989306,client1-req11-d1ce998e,SUCCESS,1747410870.091382,175.18541699973866,"{'data': 'Response from worker-1 to request client1-req11-d1ce998e', 'original_request_id': 'client1"
worker-0,"('127.0.0.1', 62296)",0.03008400381077081,1092.8429170016898,"{'data': 'Benchmark hello from client 5, req 13', 'request_id': 'client5-req13-57cc408c'}",1040.6377079998492,client5-req13-57cc408c,SUCCESS,1747410869.4678268,100.36595800193027,"{'data': 'Response from worker-0 to request client5-req13-57cc408c', 'original_request_id': 'client5"
worker-1,"('127.0.0.1', 62291)",0.007791997632011771,490.0204169971403,"{'data': 'Benchmark hello from client 0, req 11', 'request_id': 'client0-req11-bf30bf52'}",438.29733400343684,client0-req11-bf30bf52,SUCCESS,1747410870.123936,139.21437499811873,"{'data': 'Response from worker-1 to request client0-req11-bf30bf52', 'original_request_id': 'client0"
worker-0,"('127.0.0.1', 62300)",0.03737500082934275,1150.8786660051555,"{'data': 'Benchmark hello from client 9, req 11', 'request_id': 'client9-req11-1041df7a'}",1096.5748750022613,client9-req11-1041df7a,SUCCESS,1747410869.519289,107.47516700212145,"{'data': 'Response from worker-0 to request client9-req11-1041df7a', 'original_request_id': 'client9"
worker-0,"('127.0.0.1', 62298)",0.03608300175983459,1169.2034579973551,"{'data': 'Benchmark hello from client 7, req 13', 'request_id': 'client7-req13-26d0ba6a'}",1115.781042004528,client7-req13-26d0ba6a,SUCCESS,1747410869.578311,77.64662499539554,"{'data': 'Response from worker-0 to request client7-req13-26d0ba6a', 'original_request_id': 'client7"
worker-1,"('127.0.0.1', 62293)",0.007999995432328433,594.447957999364,"{'data': 'Benchmark hello from client 2, req 13', 'request_id': 'client2-req13-80dbc4fb'}",542.927750000672,client2-req13-80dbc4fb,SUCCESS,1747410870.198677,178.41233299986925,"{'data': 'Response from worker-1 to request client2-req13-80dbc4fb', 'original_request_id': 'client2"
worker-1,"('127.0.0.1', 62294)",0.025000001187436283,652.0383750030305,"{'data': 'Benchmark hello from client 3, req 12', 'request_id': 'client3-req12-1fe0ce81'}",599.0999580026255,client3-req12-1fe0ce81,SUCCESS,1747410870.243855,101.60466600063955,"{'data': 'Response from worker-1 to request client3-req12-1fe0ce81', 'original_request_id': 'client3"
worker-1,"('127.0.0.1', 62297)",0.03987500531366095,697.6980830004322,"{'data': 'Benchmark hello from client 6, req 14', 'request_id': 'client6-req14-4e27e1de'}",643.8407090026885,client6-req14-4e27e1de,SUCCESS,1747410870.300802,101.14012499980163,"{'data': 'Response from worker-1 to request client6-req14-4e27e1de', 'original_request_id': 'client6"
worker-1,"('127.0.0.1', 62299)",0.04016700404463336,813.7856249959441,"{'data': 'Benchmark hello from client 8, req 12', 'request_id': 'client8-req12-10b7a6a0'}",759.9164999992354,client8-req12-10b7a6a0,SUCCESS,1747410870.361336,176.11400000168942,"{'data': 'Response from worker-1 to request client8-req12-10b7a6a0', 'original_request_id': 'client8"
worker-1,"('127.0.0.1', 62295)",0.031958996260073036,774.0801659965655,"{'data': 'Benchmark hello from client 4, req 13', 'request_id': 'client4-req13-2910f00a'}",720.275166000647,client4-req13-2910f00a,SUCCESS,1747410870.461822,60.77420899964636,"{'data': 'Response from worker-1 to request client4-req13-2910f00a', 'original_request_id': 'client4"
worker-1,"('127.0.0.1', 62292)",0.022416003048419952,928.915666998364,"{'data': 'Benchmark hello from client 1, req 12', 'request_id': 'client1-req12-89715fc1'}",876.0013339997386,client1-req12-89715fc1,SUCCESS,1747410870.4754329,168.4066250018077,"{'data': 'Response from worker-1 to request client1-req12-89715fc1', 'original_request_id': 'client1"
worker-1,"('127.0.0.1', 62296)",0.011125004675704986,1030.619791999925,"{'data': 'Benchmark hello from client 5, req 14', 'request_id': 'client5-req14-871aa4c1'}",978.3336249965942,client5-req14-871aa4c1,SUCCESS,1747410870.5603771,187.20941700303229,"{'data': 'Response from worker-1 to request client5-req14-871aa4c1', 'original_request_id': 'client5"
worker-1,"('127.0.0.1', 62291)",0.010916002793237567,1169.0086249946035,"{'data': 'Benchmark hello from client 0, req 12', 'request_id': 'client0-req12-9bc40a13'}",1117.0889589993749,client0-req12-9bc40a13,SUCCESS,1747410870.613761,191.7477079987293,"{'data': 'Response from worker-1 to request client0-req12-9bc40a13', 'original_request_id': 'client0"
worker-0,"('127.0.0.1', 62291)",0.03733400080818683,144.20899999822723,"{'data': 'Benchmark hello from client 0, req 13', 'request_id': 'client0-req13-e208027c'}",90.85970799787901,client0-req13-e208027c,SUCCESS,1747410871.7834282,90.0761250013602,"{'data': 'Response from worker-0 to request client0-req13-e208027c', 'original_request_id': 'client0"
worker-1,"('127.0.0.1', 62300)",0.041375002183485776,1311.5693750005448,"{'data': 'Benchmark hello from client 9, req 12', 'request_id': 'client9-req12-48110c76'}",1259.1302079963498,client9-req12-48110c76,SUCCESS,1747410870.667854,196.51154200255405,"{'data': 'Response from worker-1 to request client9-req12-48110c76', 'original_request_id': 'client9"
worker-0,"('127.0.0.1', 62291)",0.013083001249469817,152.84558300481876,"{'data': 'Benchmark hello from client 0, req 14', 'request_id': 'client0-req14-1fcd319e'}",100.81970899773296,client0-req14-1fcd319e,SUCCESS,1747410871.9265122,100.30179200111888,"{'data': 'Response from worker-0 to request client0-req14-1fcd319e', 'original_request_id': 'client0"
worker-1,"('127.0.0.1', 62298)",0.02866699651349336,1359.8735839987057,"{'data': 'Benchmark hello from client 7, req 14', 'request_id': 'client7-req14-6512da87'}",1307.9699160007294,client7-req14-6512da87,SUCCESS,1747410870.745374,126.85783400229411,"{'data': 'Response from worker-1 to request client7-req14-6512da87', 'original_request_id': 'client7"
worker-0,"('127.0.0.1', 62300)",0.01274999522138387,206.13808300549863,"{'data': 'Benchmark hello from client 9, req 13', 'request_id': 'client9-req13-d86ad0b1'}",154.30595900397748,client9-req13-d86ad0b1,SUCCESS,1747410871.978467,105.42675000033341,"{'data': 'Response from worker-0 to request client9-req13-d86ad0b1', 'original_request_id': 'client9"
worker-1,"('127.0.0.1', 62293)",0.039917002141010016,1443.5222920001252,"{'data': 'Benchmark hello from client 2, req 14', 'request_id': 'client2-req14-05da7f73'}",1389.4109169996227,client2-req14-05da7f73,SUCCESS,1747410870.7950091,131.03558299917495,"{'data': 'Response from worker-1 to request client2-req14-05da7f73', 'original_request_id': 'client2"
worker-0,"('127.0.0.1', 62291)",0.012165997759439051,201.98245899518952,"{'data': 'Benchmark hello from client 0, req 15', 'request_id': 'client0-req15-091d0fad'}",150.84395799931372,client0-req15-091d0fad,SUCCESS,1747410872.078461,96.44200000184355,"{'data': 'Response from worker-0 to request client0-req15-091d0fad', 'original_request_id': 'client0"
worker-0,"('127.0.0.1', 62298)",0.015584002539981157,243.0071249982575,"{'data': 'Benchmark hello from client 7, req 15', 'request_id': 'client7-req15-1d1cb982'}",190.99270799779333,client7-req15-1d1cb982,SUCCESS,1747410872.1051369,66.82941700273659,"{'data': 'Response from worker-0 to request client7-req15-1d1cb982', 'original_request_id': 'client7"
worker-1,"('127.0.0.1', 62294)",0.03366699820617214,1525.8249159960542,"{'data': 'Benchmark hello from client 3, req 13', 'request_id': 'client3-req13-fd8643bc'}",1472.9244580012164,client3-req13-fd8643bc,SUCCESS,1747410870.895618,183.91020799754187,"{'data': 'Response from worker-1 to request client3-req13-fd8643bc', 'original_request_id': 'client3"
worker-0,"('127.0.0.1', 62300)",0.00654099858365953,276.99412500078324,"{'data': 'Benchmark hello from client 9, req 14', 'request_id': 'client9-req14-b0f81547'}",225.2978329997859,client9-req14-b0f81547,SUCCESS,1747410872.184324,112.5722090000636,"{'data': 'Response from worker-0 to request client9-req14-b0f81547', 'original_request_id': 'client9"
worker-0,"('127.0.0.1', 62293)",0.007959002687130123,354.98212500533555,"{'data': 'Benchmark hello from client 2, req 15', 'request_id': 'client2-req15-51029e36'}",303.7609169987263,client2-req15-51029e36,SUCCESS,1747410872.2355042,129.42866700177547,"{'data': 'Response from worker-0 to request client2-req15-51029e36', 'original_request_id': 'client2"
worker-1,"('127.0.0.1', 62297)",0.03825000021606684,1600.2656250057044,"{'data': 'Benchmark hello from client 6, req 15', 'request_id': 'client6-req15-27d66a13'}",1546.480375000101,client6-req15-27d66a13,SUCCESS,1747410870.998392,176.02612500195391,"{'data': 'Response from worker-1 to request client6-req15-27d66a13', 'original_request_id': 'client6"
worker-0,"('127.0.0.1', 62291)",0.013624994608107954,373.9480420044856,"{'data': 'Benchmark hello from client 0, req 16', 'request_id': 'client0-req16-de6d17c4'}",322.03283400303917,client0-req16-de6d17c4,SUCCESS,1747410872.281091,63.64704199950211,"{'data': 'Response from worker-0 to request client0-req16-de6d17c4', 'original_request_id': 'client0"
worker-1,"('127.0.0.1', 62299)",0.03866699989885092,1492.4287499961792,"{'data': 'Benchmark hello from client 8, req 13', 'request_id': 'client8-req13-53a1a903'}",1439.0309589944081,client8-req13-53a1a903,SUCCESS,1747410871.174353,68.43649999791523,"{'data': 'Response from worker-1 to request client8-req13-53a1a903', 'original_request_id': 'client8"
worker-1,"('127.0.0.1', 62295)",0.03854199894703925,1542.453290996491,"{'data': 'Benchmark hello from client 4, req 14', 'request_id': 'client4-req14-c13f4876'}",1488.193292003416,client4-req14-c13f4876,SUCCESS,1747410871.235801,110.05470899544889,"{'data': 'Response from worker-1 to request client4-req14-c13f4876', 'original_request_id': 'client4"
worker-0,"('127.0.0.1', 62298)",0.009792005585040897,437.4177920035436,"{'data': 'Benchmark hello from client 7, req 16', 'request_id': 'client7-req16-f0a869de'}",385.6180000002496,client7-req16-f0a869de,SUCCESS,1747410872.347769,129.93216599716106,"{'data': 'Response from worker-0 to request client7-req16-f0a869de', 'original_request_id': 'client7"
worker-0,"('127.0.0.1', 62294)",0.027542002499103546,427.75883300055284,"{'data': 'Benchmark hello from client 3, req 14', 'request_id': 'client3-req14-821deb47'}",374.7181250000722,client3-req14-821deb47,SUCCESS,1747410872.4206998,62.75962499785237,"{'data': 'Response from worker-0 to request client3-req14-821deb47', 'original_request_id': 'client3"
worker-0,"('127.0.0.1', 62300)",0.039665996155235916,435.925749996386,"{'data': 'Benchmark hello from client 9, req 15', 'request_id': 'client9-req15-75ad324e'}",381.9497090007644,client9-req15-75ad324e,SUCCESS,1747410872.462977,48.35954099689843,"{'data': 'Response from worker-0 to request client9-req15-75ad324e', 'original_request_id': 'client9"
worker-1,"('127.0.0.1', 62292)",0.03670899604912847,1568.076875002589,"{'data': 'Benchmark hello from client 1, req 13', 'request_id': 'client1-req13-891fa6d8'}",1513.934499998868,client1-req13-891fa6d8,SUCCESS,1747410871.405183,195.22491699899547,"{'data': 'Response from worker-1 to request client1-req13-891fa6d8', 'original_request_id': 'client1"
worker-0,"('127.0.0.1', 62293)",0.030750001315027475,397.83320800052024,"{'data': 'Benchmark hello from client 2, req 16', 'request_id': 'client2-req16-598b9779'}",345.72812500118744,client2-req16-598b9779,SUCCESS,1747410872.590903,91.62966700387187,"{'data': 'Response from worker-0 to request client2-req16-598b9779', 'original_request_id': 'client2"
worker-0,"('127.0.0.1', 62297)",0.018083002942148596,459.2315000045346,"{'data': 'Benchmark hello from client 6, req 16', 'request_id': 'client6-req16-75589ac8'}",407.26625000388594,client6-req16-75589ac8,SUCCESS,1747410872.596312,66.7950419956469,"{'data': 'Response from worker-0 to request client6-req16-75589ac8', 'original_request_id': 'client6"
worker-1,"('127.0.0.1', 62296)",0.03374999505467713,1490.6717909980216,"{'data': 'Benchmark hello from client 5, req 15', 'request_id': 'client5-req15-698fccf6'}",1437.5927090004552,client5-req15-698fccf6,SUCCESS,1747410871.591072,109.2268329957733,"{'data': 'Response from worker-1 to request client5-req15-698fccf6', 'original_request_id': 'client5"
worker-0,"('127.0.0.1', 62291)",0.04054199962411076,443.56779199733865,"{'data': 'Benchmark hello from client 0, req 17', 'request_id': 'client0-req17-f6610cf9'}",390.7394170018961,client0-req17-f6610cf9,SUCCESS,1747410872.6554172,42.68729199975496,"{'data': 'Response from worker-0 to request client0-req17-f6610cf9', 'original_request_id': 'client0"
worker-0,"('127.0.0.1', 62299)",0.023916996724437922,576.9376249954803,"{'data': 'Benchmark hello from client 8, req 14', 'request_id': 'client8-req14-0e540666'}",520.9639579989016,client8-req14-0e540666,SUCCESS,1747410872.666542,143.0580829983228,"{'data': 'Response from worker-0 to request client8-req14-0e540666', 'original_request_id': 'client8"
worker-0,"('127.0.0.1', 62295)",0.03470799856586382,610.3527500017663,"{'data': 'Benchmark hello from client 4, req 15', 'request_id': 'client4-req15-1453d82d'}",556.7711249968852,client4-req15-1453d82d,SUCCESS,1747410872.7768881,143.8772089968552,"{'data': 'Response from worker-0 to request client4-req15-1453d82d', 'original_request_id': 'client4"
worker-0,"('127.0.0.1', 62298)",0.018083002942148596,657.1011249980074,"{'data': 'Benchmark hello from client 7, req 17', 'request_id': 'client7-req17-3596bb1a'}",603.0039999968722,client7-req17-3596bb1a,SUCCESS,1747410872.787106,55.88495799747761,"{'data': 'Response from worker-0 to request client7-req17-3596bb1a', 'original_request_id': 'client7"
worker-0,"('127.0.0.1', 62294)",0.038791004044469446,645.2981250040466,"{'data': 'Benchmark hello from client 3, req 15', 'request_id': 'client3-req15-71166e68'}",593.3370409984491,client3-req15-71166e68,SUCCESS,1747410872.8471239,49.88416599371703,"{'data': 'Response from worker-0 to request client3-req15-71166e68', 'original_request_id': 'client3"
worker-0,"('127.0.0.1', 62300)",0.028540998755488545,706.3044999958947,"{'data': 'Benchmark hello from client 9, req 16', 'request_id': 'client9-req16-395a7efc'}",652.8047499959939,client9-req16-395a7efc,SUCCESS,1747410872.898416,109.99575000460027,"{'data': 'Response from worker-0 to request client9-req16-395a7efc', 'original_request_id': 'client9"
worker-0,"('127.0.0.1', 62292)",0.0370840061805211,677.7610839999397,"{'data': 'Benchmark hello from client 1, req 14', 'request_id': 'client1-req14-828c45ab'}",625.1861249984358,client1-req14-828c45ab,SUCCESS,1747410872.9710279,45.07266599830473,"{'data': 'Response from worker-0 to request client1-req14-828c45ab', 'original_request_id': 'client1"
worker-0,"('127.0.0.1', 62293)",0.019500002963468432,806.8377500021597,"{'data': 'Benchmark hello from client 2, req 17', 'request_id': 'client2-req17-81b0520d'}",755.2283749973867,client2-req17-81b0520d,SUCCESS,1747410872.9881768,146.95375000155764,"{'data': 'Response from worker-0 to request client2-req17-81b0520d', 'original_request_id': 'client2"
worker-0,"('127.0.0.1', 62297)",0.03404100425541401,856.0034590045689,"{'data': 'Benchmark hello from client 6, req 17', 'request_id': 'client6-req17-2aa4620b'}",804.1111669954262,client6-req17-2aa4620b,SUCCESS,1747410873.055006,115.49987499893177,"{'data': 'Response from worker-0 to request client6-req17-2aa4620b', 'original_request_id': 'client6"
worker-2,"('127.0.0.1', 62293)",0.0335000004270114,116.224333003629,"{'data': 'Benchmark hello from client 2, req 18', 'request_id': 'client2-req18-6ebf2fb4'}",63.4291669994127,client2-req18-6ebf2fb4,SUCCESS,1747410873.795558,61.93470799917122,"{'data': 'Response from worker-2 to request client2-req18-6ebf2fb4', 'original_request_id': 'client2"
worker-0,"('127.0.0.1', 62296)",0.038124999264255166,894.5885419961996,"{'data': 'Benchmark hello from client 5, req 16', 'request_id': 'client5-req16-c17f5938'}",839.0453329993761,client5-req16-c17f5938,SUCCESS,1747410873.08196,63.367165996169206,"{'data': 'Response from worker-0 to request client5-req16-c17f5938', 'original_request_id': 'client5"
worker-0,"('127.0.0.1', 62291)",0.015083998732734472,970.6739999965066,"{'data': 'Benchmark hello from client 0, req 18', 'request_id': 'client0-req18-6bd401d6'}",918.5158339969348,client0-req18-6bd401d6,SUCCESS,1747410873.098325,93.43225000338862,"{'data': 'Response from worker-0 to request client0-req18-6bd401d6', 'original_request_id': 'client0"
worker-1,"('127.0.0.1', 62297)",0.02474999928381294,234.05745799391298,"{'data': 'Benchmark hello from client 6, req 18', 'request_id': 'client6-req18-8512c25d'}",181.17766700015636,client6-req18-8512c25d,SUCCESS,1747410873.912042,179.59233400324592,"{'data': 'Response from worker-1 to request client6-req18-8512c25d', 'original_request_id': 'client6"
worker-0,"('127.0.0.1', 62299)",0.038958001823630184,979.0626659960253,"{'data': 'Benchmark hello from client 8, req 15', 'request_id': 'client8-req15-5c056ea4'}",925.142958003562,client8-req15-5c056ea4,SUCCESS,1747410873.2432199,151.43966699542943,"{'data': 'Response from worker-0 to request client8-req15-5c056ea4', 'original_request_id': 'client8"
worker-1,"('127.0.0.1', 62293)",0.016250000044237822,400.6831250007963,"{'data': 'Benchmark hello from client 2, req 19', 'request_id': 'client2-req19-e9b8b399'}",347.3094580040197,client2-req19-e9b8b399,SUCCESS,1747410873.912769,166.6917500042473,"{'data': 'Response from worker-1 to request client2-req19-e9b8b399', 'original_request_id': 'client2"
worker-0,"('127.0.0.1', 62295)",0.036666999221779406,960.4236670056707,"{'data': 'Benchmark hello from client 4, req 16', 'request_id': 'client4-req16-74402d41'}",907.7241670020157,client4-req16-74402d41,SUCCESS,1747410873.386505,126.25499999558087,"{'data': 'Response from worker-0 to request client4-req16-74402d41', 'original_request_id': 'client4"
worker-0,"('127.0.0.1', 62298)",0.03154099977109581,960.3126250003697,"{'data': 'Benchmark hello from client 7, req 18', 'request_id': 'client7-req18-fd8a253a'}",908.1645840051351,client7-req18-fd8a253a,SUCCESS,1747410873.441967,55.86129199946299,"{'data': 'Response from worker-0 to request client7-req18-fd8a253a', 'original_request_id': 'client7"
worker-1,"('127.0.0.1', 62296)",0.0338749960064888,431.79216599673964,"{'data': 'Benchmark hello from client 5, req 17', 'request_id': 'client5-req17-9b55e789'}",379.292917001294,client5-req17-9b55e789,SUCCESS,1747410873.974894,94.23058399988804,"{'data': 'Response from worker-1 to request client5-req17-9b55e789', 'original_request_id': 'client5"
worker-0,"('127.0.0.1', 62294)",0.03816599928541109,1019.9688749999041,"{'data': 'Benchmark hello from client 3, req 16', 'request_id': 'client3-req16-359465e7'}",964.9137080050423,client3-req16-359465e7,SUCCESS,1747410873.4954429,110.23654200107558,"{'data': 'Response from worker-0 to request client3-req16-359465e7', 'original_request_id': 'client3"
worker-1,"('127.0.0.1', 62291)",0.032208001357503235,491.19229200005066,"{'data': 'Benchmark hello from client 0, req 19', 'request_id': 'client0-req19-3e2cafa3'}",437.6081250011339,client0-req19-3e2cafa3,SUCCESS,1747410874.069867,153.39254200080177,"{'data': 'Response from worker-1 to request client0-req19-3e2cafa3', 'original_request_id': 'client0"
worker-0,"('127.0.0.1', 62300)",0.029791997803840786,1049.8695419955766,"{'data': 'Benchmark hello from client 9, req 17', 'request_id': 'client9-req17-300c1874'}",996.6749590021209,client9-req17-300c1874,SUCCESS,1747410873.603979,139.22199999797158,"{'data': 'Response from worker-0 to request client9-req17-300c1874', 'original_request_id': 'client9"
worker-1,"('127.0.0.1', 62297)",0.04504200478550047,518.4021249951911,"{'data': 'Benchmark hello from client 6, req 19', 'request_id': 'client6-req19-5132ba21'}",461.01304199692095,client6-req19-5132ba21,SUCCESS,1747410874.149368,103.14533299970208,"{'data': 'Response from worker-1 to request client6-req19-5132ba21', 'original_request_id': 'client6"
worker-1,"('127.0.0.1', 62299)",0.015459001588169485,500.35616700188257,"{'data': 'Benchmark hello from client 8, req 16', 'request_id': 'client8-req16-d94088cf'}",447.6312910046545,client8-req16-d94088cf,SUCCESS,1747410874.221266,57.52370800473727,"{'data': 'Response from worker-1 to request client8-req16-d94088cf', 'original_request_id': 'client8"
worker-0,"('127.0.0.1', 62292)",0.03741699765669182,1127.4637500027893,"{'data': 'Benchmark hello from client 1, req 15', 'request_id': 'client1-req15-7100b8d6'}",1071.1097080056788,client1-req15-7100b8d6,SUCCESS,1747410873.648649,122.91566600470105,"{'data': 'Response from worker-0 to request client1-req15-7100b8d6', 'original_request_id': 'client1"
worker-1,"('127.0.0.1', 62295)",0.01195799995912239,438.14941700111376,"{'data': 'Benchmark hello from client 4, req 17', 'request_id': 'client4-req17-02af2935'}",387.0893330022227,client4-req17-02af2935,SUCCESS,1747410874.3451772,62.56041600136086,"{'data': 'Response from worker-1 to request client4-req17-02af2935', 'original_request_id': 'client4"
worker-1,"('127.0.0.1', 62298)",0.011832999007310718,437.04116699518636,"{'data': 'Benchmark hello from client 7, req 19', 'request_id': 'client7-req19-78d45c80'}",384.7924579968094,client7-req19-78d45c80,SUCCESS,1747410874.401974,54.45845799840754,"{'data': 'Response from worker-1 to request client7-req19-78d45c80', 'original_request_id': 'client7"
worker-1,"('127.0.0.1', 62296)",0.005166999471839517,568.702457996551,"{'data': 'Benchmark hello from client 5, req 18', 'request_id': 'client5-req18-ff72ccbe'}",517.7869580002152,client5-req18-ff72ccbe,SUCCESS,1747410874.405237,136.15100000606617,"{'data': 'Response from worker-1 to request client5-req18-ff72ccbe', 'original_request_id': 'client5"
worker-1,"('127.0.0.1', 62294)",0.009458002750761807,592.0370829990134,"{'data': 'Benchmark hello from client 3, req 17', 'request_id': 'client3-req17-87dbd68f'}",541.1259999964386,client3-req17-87dbd68f,SUCCESS,1747410874.511192,128.6631659968407,"{'data': 'Response from worker-1 to request client3-req17-87dbd68f', 'original_request_id': 'client3"
worker-1,"('127.0.0.1', 62300)",0.04237500252202153,626.3808340008836,"{'data': 'Benchmark hello from client 9, req 18', 'request_id': 'client9-req18-396f88a0'}",572.9261669985135,client9-req18-396f88a0,SUCCESS,1747410874.653756,174.36075000296114,"{'data': 'Response from worker-1 to request client9-req18-396f88a0', 'original_request_id': 'client9"
worker-1,"('127.0.0.1', 62299)",0.04308300412958488,627.418874995783,"{'data': 'Benchmark hello from client 8, req 17', 'request_id': 'client8-req17-2d0dfd02'}",574.0122919960413,client8-req17-2d0dfd02,SUCCESS,1747410874.721598,67.98866700410144,"{'data': 'Response from worker-1 to request client8-req17-2d0dfd02', 'original_request_id': 'client8"
worker-1,"('127.0.0.1', 62292)",0.03695800114655867,759.7377919955761,"{'data': 'Benchmark hello from client 1, req 16', 'request_id': 'client1-req16-968f9466'}",706.484125003044,client1-req16-968f9466,SUCCESS,1747410874.7761338,187.232333002612,"{'data': 'Response from worker-1 to request client1-req16-968f9466', 'original_request_id': 'client1"
worker-1,"('127.0.0.1', 62295)",0.026374997105449438,831.4746670002933,"{'data': 'Benchmark hello from client 4, req 18', 'request_id': 'client4-req18-0977d5f9'}",777.9381670043222,client4-req18-0977d5f9,SUCCESS,1747410874.7854679,80.21949999965727,"{'data': 'Response from worker-1 to request client4-req18-0977d5f9', 'original_request_id': 'client4"
worker-1,"('127.0.0.1', 62296)",0.035291996027808636,736.0716249968391,"{'data': 'Benchmark hello from client 5, req 19', 'request_id': 'client5-req19-9ec20a5a'}",682.2435830035829,client5-req19-9ec20a5a,SUCCESS,1747410874.976073,94.71516699704807,"{'data': 'Response from worker-1 to request client5-req19-9ec20a5a', 'original_request_id': 'client5"
worker-1,"('127.0.0.1', 62294)",0.03212499723304063,729.8117500031367,"{'data': 'Benchmark hello from client 3, req 18', 'request_id': 'client3-req18-1abc52bd'}",675.9702080016723,client3-req18-1abc52bd,SUCCESS,1747410875.1054132,122.63041700498434,"{'data': 'Response from worker-1 to request client3-req18-1abc52bd', 'original_request_id': 'client3"
worker-1,"('127.0.0.1', 62300)",0.03362500137882307,665.6112920027226,"{'data': 'Benchmark hello from client 9, req 19', 'request_id': 'client9-req19-1f90b580'}",612.4506659980398,client9-req19-1f90b580,SUCCESS,1747410875.279674,110.49758300214307,"{'data': 'Response from worker-1 to request client9-req19-1f90b580', 'original_request_id': 'client9"
worker-0,"('127.0.0.1', 62294)",0.03679099609144032,114.96508400159655,"{'data': 'Benchmark hello from client 3, req 19', 'request_id': 'client3-req19-a2d95b4d'}",61.40995799796656,client3-req19-a2d95b4d,SUCCESS,1747410875.8347352,59.572582998953294,"{'data': 'Response from worker-0 to request client3-req19-a2d95b4d', 'original_request_id': 'client3"
worker-1,"('127.0.0.1', 62299)",0.03591700078686699,775.5034579968196,"{'data': 'Benchmark hello from client 8, req 18', 'request_id': 'client8-req18-0f7b5929'}",721.8745840000338,client8-req18-0f7b5929,SUCCESS,1747410875.349071,178.05741699703503,"{'data': 'Response from worker-1 to request client8-req18-0f7b5929', 'original_request_id': 'client8"
worker-0,"('127.0.0.1', 62299)",0.034083001082763076,179.2250829967088,"{'data': 'Benchmark hello from client 8, req 19', 'request_id': 'client8-req19-946a1555'}",125.53712500084657,client8-req19-946a1555,SUCCESS,1747410876.124376,124.00491700100247,"{'data': 'Response from worker-0 to request client8-req19-946a1555', 'original_request_id': 'client8"
worker-1,"('127.0.0.1', 62292)",0.030791998142376542,789.9563750033849,"{'data': 'Benchmark hello from client 1, req 17', 'request_id': 'client1-req17-8407fe7e'}",736.9554169999901,client1-req17-8407fe7e,SUCCESS,1747410875.535414,201.258458000666,"{'data': 'Response from worker-1 to request client1-req17-8407fe7e', 'original_request_id': 'client1"
worker-0,"('127.0.0.1', 62292)",0.03404200106160715,100.53312499803724,"{'data': 'Benchmark hello from client 1, req 18', 'request_id': 'client1-req18-0d6a6dd2'}",47.56512499443488,client1-req18-0d6a6dd2,SUCCESS,1747410876.325105,46.483375001116656,"{'data': 'Response from worker-0 to request client1-req18-0d6a6dd2', 'original_request_id': 'client1"
worker-1,"('127.0.0.1', 62295)",0.04616600199369714,841.6702920003445,"{'data': 'Benchmark hello from client 4, req 19', 'request_id': 'client4-req19-512cbc38'}",788.8415829947917,client4-req19-512cbc38,SUCCESS,1747410875.6158159,132.7394589970936,"{'data': 'Response from worker-1 to request client4-req19-512cbc38', 'original_request_id': 'client4"
worker-0,"('127.0.0.1', 62292)",0.01333300315309316,138.83470900327666,"{'data': 'Benchmark hello from client 1, req 19', 'request_id': 'client1-req19-afd938f5'}",86.96504100225866,client1-req19-afd938f5,SUCCESS,1747410876.424913,86.55445800104644,"{'data': 'Response from worker-0 to request client1-req19-afd938f5', 'original_request_id': 'client1"
